--
-- PostgreSQL database dump
--

-- Dumped from database version 14.6 (Homebrew)
-- Dumped by pg_dump version 14.6 (Homebrew)

SET statement_timeout = 0;
SET lock_timeout = 0;
SET idle_in_transaction_session_timeout = 0;
SET client_encoding = 'UTF8';
SET standard_conforming_strings = on;
SELECT pg_catalog.set_config('search_path', '', false);
SET check_function_bodies = false;
SET xmloption = content;
SET client_min_messages = warning;
SET row_security = off;

SET default_tablespace = '';

SET default_table_access_method = heap;

--
-- Name: auth_group; Type: TABLE; Schema: public; Owner: maripi
--

CREATE TABLE public.auth_group (
    id integer NOT NULL,
    name character varying(150) NOT NULL
);


ALTER TABLE public.auth_group OWNER TO maripi;

--
-- Name: auth_group_id_seq; Type: SEQUENCE; Schema: public; Owner: maripi
--

ALTER TABLE public.auth_group ALTER COLUMN id ADD GENERATED BY DEFAULT AS IDENTITY (
    SEQUENCE NAME public.auth_group_id_seq
    START WITH 1
    INCREMENT BY 1
    NO MINVALUE
    NO MAXVALUE
    CACHE 1
);


--
-- Name: auth_group_permissions; Type: TABLE; Schema: public; Owner: maripi
--

CREATE TABLE public.auth_group_permissions (
    id bigint NOT NULL,
    group_id integer NOT NULL,
    permission_id integer NOT NULL
);


ALTER TABLE public.auth_group_permissions OWNER TO maripi;

--
-- Name: auth_group_permissions_id_seq; Type: SEQUENCE; Schema: public; Owner: maripi
--

ALTER TABLE public.auth_group_permissions ALTER COLUMN id ADD GENERATED BY DEFAULT AS IDENTITY (
    SEQUENCE NAME public.auth_group_permissions_id_seq
    START WITH 1
    INCREMENT BY 1
    NO MINVALUE
    NO MAXVALUE
    CACHE 1
);


--
-- Name: auth_permission; Type: TABLE; Schema: public; Owner: maripi
--

CREATE TABLE public.auth_permission (
    id integer NOT NULL,
    name character varying(255) NOT NULL,
    content_type_id integer NOT NULL,
    codename character varying(100) NOT NULL
);


ALTER TABLE public.auth_permission OWNER TO maripi;

--
-- Name: auth_permission_id_seq; Type: SEQUENCE; Schema: public; Owner: maripi
--

ALTER TABLE public.auth_permission ALTER COLUMN id ADD GENERATED BY DEFAULT AS IDENTITY (
    SEQUENCE NAME public.auth_permission_id_seq
    START WITH 1
    INCREMENT BY 1
    NO MINVALUE
    NO MAXVALUE
    CACHE 1
);


--
-- Name: auth_user; Type: TABLE; Schema: public; Owner: maripi
--

CREATE TABLE public.auth_user (
    id integer NOT NULL,
    password character varying(128) NOT NULL,
    last_login timestamp with time zone,
    is_superuser boolean NOT NULL,
    username character varying(150) NOT NULL,
    first_name character varying(150) NOT NULL,
    last_name character varying(150) NOT NULL,
    email character varying(254) NOT NULL,
    is_staff boolean NOT NULL,
    is_active boolean NOT NULL,
    date_joined timestamp with time zone NOT NULL
);


ALTER TABLE public.auth_user OWNER TO maripi;

--
-- Name: auth_user_groups; Type: TABLE; Schema: public; Owner: maripi
--

CREATE TABLE public.auth_user_groups (
    id bigint NOT NULL,
    user_id integer NOT NULL,
    group_id integer NOT NULL
);


ALTER TABLE public.auth_user_groups OWNER TO maripi;

--
-- Name: auth_user_groups_id_seq; Type: SEQUENCE; Schema: public; Owner: maripi
--

ALTER TABLE public.auth_user_groups ALTER COLUMN id ADD GENERATED BY DEFAULT AS IDENTITY (
    SEQUENCE NAME public.auth_user_groups_id_seq
    START WITH 1
    INCREMENT BY 1
    NO MINVALUE
    NO MAXVALUE
    CACHE 1
);


--
-- Name: auth_user_id_seq; Type: SEQUENCE; Schema: public; Owner: maripi
--

ALTER TABLE public.auth_user ALTER COLUMN id ADD GENERATED BY DEFAULT AS IDENTITY (
    SEQUENCE NAME public.auth_user_id_seq
    START WITH 1
    INCREMENT BY 1
    NO MINVALUE
    NO MAXVALUE
    CACHE 1
);


--
-- Name: auth_user_user_permissions; Type: TABLE; Schema: public; Owner: maripi
--

CREATE TABLE public.auth_user_user_permissions (
    id bigint NOT NULL,
    user_id integer NOT NULL,
    permission_id integer NOT NULL
);


ALTER TABLE public.auth_user_user_permissions OWNER TO maripi;

--
-- Name: auth_user_user_permissions_id_seq; Type: SEQUENCE; Schema: public; Owner: maripi
--

ALTER TABLE public.auth_user_user_permissions ALTER COLUMN id ADD GENERATED BY DEFAULT AS IDENTITY (
    SEQUENCE NAME public.auth_user_user_permissions_id_seq
    START WITH 1
    INCREMENT BY 1
    NO MINVALUE
    NO MAXVALUE
    CACHE 1
);


--
-- Name: django_admin_log; Type: TABLE; Schema: public; Owner: maripi
--

CREATE TABLE public.django_admin_log (
    id integer NOT NULL,
    action_time timestamp with time zone NOT NULL,
    object_id text,
    object_repr character varying(200) NOT NULL,
    action_flag smallint NOT NULL,
    change_message text NOT NULL,
    content_type_id integer,
    user_id integer NOT NULL,
    CONSTRAINT django_admin_log_action_flag_check CHECK ((action_flag >= 0))
);


ALTER TABLE public.django_admin_log OWNER TO maripi;

--
-- Name: django_admin_log_id_seq; Type: SEQUENCE; Schema: public; Owner: maripi
--

ALTER TABLE public.django_admin_log ALTER COLUMN id ADD GENERATED BY DEFAULT AS IDENTITY (
    SEQUENCE NAME public.django_admin_log_id_seq
    START WITH 1
    INCREMENT BY 1
    NO MINVALUE
    NO MAXVALUE
    CACHE 1
);


--
-- Name: django_content_type; Type: TABLE; Schema: public; Owner: maripi
--

CREATE TABLE public.django_content_type (
    id integer NOT NULL,
    app_label character varying(100) NOT NULL,
    model character varying(100) NOT NULL
);


ALTER TABLE public.django_content_type OWNER TO maripi;

--
-- Name: django_content_type_id_seq; Type: SEQUENCE; Schema: public; Owner: maripi
--

ALTER TABLE public.django_content_type ALTER COLUMN id ADD GENERATED BY DEFAULT AS IDENTITY (
    SEQUENCE NAME public.django_content_type_id_seq
    START WITH 1
    INCREMENT BY 1
    NO MINVALUE
    NO MAXVALUE
    CACHE 1
);


--
-- Name: django_migrations; Type: TABLE; Schema: public; Owner: maripi
--

CREATE TABLE public.django_migrations (
    id bigint NOT NULL,
    app character varying(255) NOT NULL,
    name character varying(255) NOT NULL,
    applied timestamp with time zone NOT NULL
);


ALTER TABLE public.django_migrations OWNER TO maripi;

--
-- Name: django_migrations_id_seq; Type: SEQUENCE; Schema: public; Owner: maripi
--

ALTER TABLE public.django_migrations ALTER COLUMN id ADD GENERATED BY DEFAULT AS IDENTITY (
    SEQUENCE NAME public.django_migrations_id_seq
    START WITH 1
    INCREMENT BY 1
    NO MINVALUE
    NO MAXVALUE
    CACHE 1
);


--
-- Name: django_session; Type: TABLE; Schema: public; Owner: maripi
--

CREATE TABLE public.django_session (
    session_key character varying(40) NOT NULL,
    session_data text NOT NULL,
    expire_date timestamp with time zone NOT NULL
);


ALTER TABLE public.django_session OWNER TO maripi;

--
-- Name: geeks_content; Type: TABLE; Schema: public; Owner: maripi
--

CREATE TABLE public.geeks_content (
    id bigint NOT NULL,
    text text NOT NULL,
    name character varying(100) NOT NULL,
    image character varying(100) NOT NULL,
    section_id bigint NOT NULL,
    type character varying(20) NOT NULL,
    "order" integer NOT NULL,
    direction character varying(20) NOT NULL
);


ALTER TABLE public.geeks_content OWNER TO maripi;

--
-- Name: geeks_content_id_seq; Type: SEQUENCE; Schema: public; Owner: maripi
--

ALTER TABLE public.geeks_content ALTER COLUMN id ADD GENERATED BY DEFAULT AS IDENTITY (
    SEQUENCE NAME public.geeks_content_id_seq
    START WITH 1
    INCREMENT BY 1
    NO MINVALUE
    NO MAXVALUE
    CACHE 1
);


--
-- Name: geeks_extendedcontent; Type: TABLE; Schema: public; Owner: maripi
--

CREATE TABLE public.geeks_extendedcontent (
    id bigint NOT NULL,
    text text NOT NULL,
    content_id bigint NOT NULL,
    image character varying(100) NOT NULL,
    "order" integer NOT NULL,
    type character varying(20) NOT NULL,
    direction character varying(20) NOT NULL
);


ALTER TABLE public.geeks_extendedcontent OWNER TO maripi;

--
-- Name: geeks_extendedcontent_id_seq; Type: SEQUENCE; Schema: public; Owner: maripi
--

ALTER TABLE public.geeks_extendedcontent ALTER COLUMN id ADD GENERATED BY DEFAULT AS IDENTITY (
    SEQUENCE NAME public.geeks_extendedcontent_id_seq
    START WITH 1
    INCREMENT BY 1
    NO MINVALUE
    NO MAXVALUE
    CACHE 1
);


--
-- Name: geeks_game; Type: TABLE; Schema: public; Owner: maripi
--

CREATE TABLE public.geeks_game (
    id bigint NOT NULL,
    "displayName" character varying(30) NOT NULL,
    name character varying(30) NOT NULL,
    players character varying(30) NOT NULL,
    "playingTime" character varying(30) NOT NULL,
    bgg character varying(1000) NOT NULL,
    year character varying(30) NOT NULL,
    image character varying(100) NOT NULL,
    banner character varying(100)
);


ALTER TABLE public.geeks_game OWNER TO maripi;

--
-- Name: geeks_game_id_seq; Type: SEQUENCE; Schema: public; Owner: maripi
--

ALTER TABLE public.geeks_game ALTER COLUMN id ADD GENERATED BY DEFAULT AS IDENTITY (
    SEQUENCE NAME public.geeks_game_id_seq
    START WITH 1
    INCREMENT BY 1
    NO MINVALUE
    NO MAXVALUE
    CACHE 1
);


--
-- Name: geeks_section; Type: TABLE; Schema: public; Owner: maripi
--

CREATE TABLE public.geeks_section (
    id bigint NOT NULL,
    type character varying(20) NOT NULL,
    hashid character varying(20) NOT NULL,
    game_id bigint NOT NULL
);


ALTER TABLE public.geeks_section OWNER TO maripi;

--
-- Name: geeks_section_id_seq; Type: SEQUENCE; Schema: public; Owner: maripi
--

ALTER TABLE public.geeks_section ALTER COLUMN id ADD GENERATED BY DEFAULT AS IDENTITY (
    SEQUENCE NAME public.geeks_section_id_seq
    START WITH 1
    INCREMENT BY 1
    NO MINVALUE
    NO MAXVALUE
    CACHE 1
);


--
-- Data for Name: auth_group; Type: TABLE DATA; Schema: public; Owner: maripi
--

COPY public.auth_group (id, name) FROM stdin;
\.


--
-- Data for Name: auth_group_permissions; Type: TABLE DATA; Schema: public; Owner: maripi
--

COPY public.auth_group_permissions (id, group_id, permission_id) FROM stdin;
\.


--
-- Data for Name: auth_permission; Type: TABLE DATA; Schema: public; Owner: maripi
--

COPY public.auth_permission (id, name, content_type_id, codename) FROM stdin;
1	Can add log entry	1	add_logentry
2	Can change log entry	1	change_logentry
3	Can delete log entry	1	delete_logentry
4	Can view log entry	1	view_logentry
5	Can add permission	2	add_permission
6	Can change permission	2	change_permission
7	Can delete permission	2	delete_permission
8	Can view permission	2	view_permission
9	Can add group	3	add_group
10	Can change group	3	change_group
11	Can delete group	3	delete_group
12	Can view group	3	view_group
13	Can add user	4	add_user
14	Can change user	4	change_user
15	Can delete user	4	delete_user
16	Can view user	4	view_user
17	Can add content type	5	add_contenttype
18	Can change content type	5	change_contenttype
19	Can delete content type	5	delete_contenttype
20	Can view content type	5	view_contenttype
21	Can add session	6	add_session
22	Can change session	6	change_session
23	Can delete session	6	delete_session
24	Can view session	6	view_session
25	Can add game	7	add_game
26	Can change game	7	change_game
27	Can delete game	7	delete_game
28	Can view game	7	view_game
29	Can add image	8	add_image
30	Can change image	8	change_image
31	Can delete image	8	delete_image
32	Can view image	8	view_image
33	Can add section	9	add_section
34	Can change section	9	change_section
35	Can delete section	9	delete_section
36	Can view section	9	view_section
37	Can add content	10	add_content
38	Can change content	10	change_content
39	Can delete content	10	delete_content
40	Can view content	10	view_content
41	Can add extended content	11	add_extendedcontent
42	Can change extended content	11	change_extendedcontent
43	Can delete extended content	11	delete_extendedcontent
44	Can view extended content	11	view_extendedcontent
\.


--
-- Data for Name: auth_user; Type: TABLE DATA; Schema: public; Owner: maripi
--

COPY public.auth_user (id, password, last_login, is_superuser, username, first_name, last_name, email, is_staff, is_active, date_joined) FROM stdin;
1	pbkdf2_sha256$390000$wtF6PLrp2GchhCzXSrSP0D$s8FMlT9HcyXGhqITMMTVpjTzy3q0mhv7NBDlLKjFvbI=	2023-02-01 09:49:46.076427-08	t	maripi			maripibartosch@gmail.com	t	t	2023-02-01 09:48:48.101041-08
\.


--
-- Data for Name: auth_user_groups; Type: TABLE DATA; Schema: public; Owner: maripi
--

COPY public.auth_user_groups (id, user_id, group_id) FROM stdin;
\.


--
-- Data for Name: auth_user_user_permissions; Type: TABLE DATA; Schema: public; Owner: maripi
--

COPY public.auth_user_user_permissions (id, user_id, permission_id) FROM stdin;
\.


--
-- Data for Name: django_admin_log; Type: TABLE DATA; Schema: public; Owner: maripi
--

COPY public.django_admin_log (id, action_time, object_id, object_repr, action_flag, change_message, content_type_id, user_id) FROM stdin;
1	2023-02-01 10:02:59.714026-08	1	Image object (1)	1	[{"added": {}}]	8	1
2	2023-02-01 10:04:27.094782-08	1	Welcome To	1	[{"added": {}}]	7	1
3	2023-02-01 10:04:42.694203-08	1	Icon Legend <bound method Game.__str__ of <Game: Welcome To>>	1	[{"added": {}}]	9	1
4	2023-02-01 10:04:52.69093-08	2	Turn Order <bound method Game.__str__ of <Game: Welcome To>>	1	[{"added": {}}]	9	1
5	2023-02-01 10:07:36.059282-08	2	landscaper-icon	1	[{"added": {}}]	8	1
6	2023-02-01 10:07:38.356586-08	1	Landscaper	1	[{"added": {}}]	10	1
7	2023-02-01 10:08:48.924125-08	3	Real Estate	1	[{"added": {}}]	8	1
8	2023-02-01 10:08:51.164461-08	2	Real Estate	1	[{"added": {}}]	10	1
9	2023-02-01 10:11:11.86959-08	4	landscaper-example	1	[{"added": {}}]	8	1
10	2023-02-01 10:11:39.062382-08	1	landscaper-extended	1	[{"added": {}}]	11	1
11	2023-02-01 10:12:51.699515-08	5	real_estate_example	1	[{"added": {}}]	8	1
12	2023-02-01 10:13:06.724802-08	2	real_estate_extended	1	[{"added": {}}]	11	1
13	2023-02-01 10:15:12.962032-08	6	sagrada-cover	1	[{"added": {}}]	8	1
14	2023-02-01 10:15:24.500751-08	2	Sagrada	1	[{"added": {}}]	7	1
15	2023-02-01 11:25:49.714248-08	2	Real Estate	2	[{"changed": {"fields": ["Order", "Type"]}}]	10	1
16	2023-02-01 11:48:16.338515-08	2	Sagrada	2	[{"changed": {"fields": ["Image"]}}]	7	1
17	2023-02-01 11:48:30.404828-08	1	Welcome To	2	[{"changed": {"fields": ["Image"]}}]	7	1
18	2023-02-01 11:48:39.726436-08	2	real_estate_extended	2	[{"changed": {"fields": ["Image"]}}]	11	1
19	2023-02-01 11:48:49.44873-08	1	landscaper-extended	2	[{"changed": {"fields": ["Image"]}}]	11	1
20	2023-02-01 11:49:04.26429-08	1	Landscaper	2	[{"changed": {"fields": ["Type", "Image"]}}]	10	1
21	2023-02-01 11:49:13.206228-08	2	Real Estate	2	[{"changed": {"fields": ["Image"]}}]	10	1
22	2023-02-01 13:04:10.710715-08	3	step1-wt	1	[{"added": {}}]	10	1
23	2023-02-01 13:30:12.456759-08	4	step2-wt	1	[{"added": {}}]	10	1
24	2023-02-01 13:31:23.49557-08	5	step3-wt	1	[{"added": {}}]	10	1
25	2023-02-01 13:31:56.799628-08	6	step3-wt	1	[{"added": {}}]	10	1
26	2023-02-01 13:32:05.425812-08	6	step3-wt	2	[]	10	1
27	2023-02-01 13:32:10.893107-08	5	step3-wt	2	[]	10	1
28	2023-02-01 13:32:58.914799-08	6	step4-wt	2	[{"changed": {"fields": ["Text", "Name", "Order"]}}]	10	1
29	2023-02-01 13:33:24.553398-08	7	step5-wt	1	[{"added": {}}]	10	1
30	2023-02-01 15:25:10.528715-08	2	real_estate_extended	2	[{"changed": {"fields": ["Type"]}}]	11	1
31	2023-02-01 15:25:16.963268-08	1	landscaper-extended	2	[{"changed": {"fields": ["Type"]}}]	11	1
32	2023-02-01 16:03:38.82886-08	3	step1-example	1	[{"added": {}}]	11	1
33	2023-02-01 16:05:25.682466-08	3	step1-example	2	[{"changed": {"fields": ["Image"]}}]	11	1
34	2023-02-01 16:09:48.041274-08	3	step1-example	2	[]	11	1
35	2023-02-01 16:11:39.23955-08	2	real_estate_extended	2	[{"changed": {"fields": ["Direction"]}}]	11	1
36	2023-02-01 16:11:44.404171-08	1	landscaper-extended	2	[{"changed": {"fields": ["Direction"]}}]	11	1
37	2023-02-01 16:46:57.931133-08	8	Surveyor	1	[{"added": {}}]	10	1
38	2023-02-01 16:48:25.196817-08	9	Pool Manufacturer	1	[{"added": {}}]	10	1
39	2023-02-01 16:49:43.669264-08	10	Temp Agency	1	[{"added": {}}]	10	1
40	2023-02-01 16:50:24.998843-08	8	Surveyor	2	[{"changed": {"fields": ["Image"]}}]	10	1
41	2023-02-01 16:50:31.263926-08	1	Landscaper	2	[{"changed": {"fields": ["Order"]}}]	10	1
42	2023-02-01 16:50:55.530995-08	10	Temp Agency	2	[{"changed": {"fields": ["Image"]}}]	10	1
43	2023-02-01 16:59:14.066215-08	4	surveyor-extended	1	[{"added": {}}]	11	1
44	2023-02-01 17:00:41.29428-08	5	pool-extended	1	[{"added": {}}]	11	1
45	2023-02-01 17:01:21.25026-08	6	temp-extended	1	[{"added": {}}]	11	1
46	2023-02-01 17:03:26.500438-08	11	Bis	1	[{"added": {}}]	10	1
47	2023-02-01 17:03:42.683724-08	11	Bis	2	[{"changed": {"fields": ["Type", "Image"]}}]	10	1
48	2023-02-01 17:04:19.501121-08	7	bis-extended	1	[{"added": {}}]	11	1
49	2023-02-01 17:05:17.180742-08	11	Bis	2	[{"changed": {"fields": ["Order"]}}]	10	1
50	2023-02-01 17:07:06.358885-08	11	Bis	2	[{"changed": {"fields": ["Text"]}}]	10	1
51	2023-02-01 17:07:33.059453-08	8	Surveyor	2	[{"changed": {"fields": ["Text"]}}]	10	1
52	2023-02-01 17:42:43.94152-08	3	Gizmos	1	[{"added": {}}]	7	1
53	2023-02-01 17:43:05.089223-08	3	Icon Legend <bound method Game.__str__ of <Game: Gizmos>>	1	[{"added": {}}]	9	1
54	2023-02-01 17:51:09.296452-08	12	Storage Limit	1	[{"added": {}}]	10	1
55	2023-02-01 17:52:57.963187-08	13	Amount of Gizmos your Archive can hold	1	[{"added": {}}]	10	1
56	2023-02-01 17:57:38.920376-08	13	File Limit	2	[{"changed": {"fields": ["Text", "Name"]}}]	10	1
57	2023-02-01 17:57:46.057625-08	12	Storage Limit	2	[{"changed": {"fields": ["Section"]}}]	10	1
58	2023-02-02 08:27:24.146916-08	14	Research Limit	1	[{"added": {}}]	10	1
59	2023-02-02 08:30:57.156478-08	15	Blind Draw	1	[{"added": {}}]	10	1
60	2023-02-02 08:32:26.110722-08	16	Pick	1	[{"added": {}}]	10	1
61	2023-02-02 08:35:29.686089-08	17	Choose 1 face up Gizmo card from the Display and add it to your Archive	1	[{"added": {}}]	10	1
62	2023-02-02 08:36:33.852166-08	2	Round Order <bound method Game.__str__ of <Game: Welcome To>>	2	[{"changed": {"fields": ["Type", "Hashid"]}}]	9	1
63	2023-02-02 08:36:46.094868-08	4	Turn Order <bound method Game.__str__ of <Game: Gizmos>>	1	[{"added": {}}]	9	1
64	2023-02-02 08:42:25.182678-08	18	action choose	1	[{"added": {}}]	10	1
65	2023-02-02 08:47:54.994303-08	19	Choose 1 face up Gizmo card from the Display and add it to your Archive	1	[{"added": {}}]	10	1
66	2023-02-02 08:48:08.302736-08	19	File	2	[{"changed": {"fields": ["Text", "Name"]}}]	10	1
67	2023-02-02 08:50:52.700901-08	20	Build a Gizmo from the Display or your Archive by paying it's energy cost	1	[{"added": {}}]	10	1
68	2023-02-02 08:51:44.844209-08	21	Pick	1	[{"added": {}}]	10	1
69	2023-02-02 08:56:32.742938-08	22	Research	1	[{"added": {}}]	10	1
70	2023-02-02 08:57:30.74068-08	19	--File	2	[{"changed": {"fields": ["Name"]}}]	10	1
71	2023-02-02 08:57:42.172772-08	21	--Pick	2	[{"changed": {"fields": ["Name"]}}]	10	1
72	2023-02-02 08:58:00.470576-08	21	--Pick	2	[{"changed": {"fields": ["Order"]}}]	10	1
73	2023-02-02 08:58:31.306085-08	16	Pick Action	2	[{"changed": {"fields": ["Text", "Name"]}}]	10	1
74	2023-02-02 08:59:12.920905-08	20	--Build	2	[{"changed": {"fields": ["Text", "Name", "Image"]}}]	10	1
75	2023-02-02 08:59:46.917115-08	17	File Action	2	[{"changed": {"fields": ["Text", "Name"]}}]	10	1
76	2023-02-02 09:00:04.592107-08	22	--Research	2	[{"changed": {"fields": ["Name"]}}]	10	1
77	2023-02-02 09:03:04.892781-08	2	Sagrada	3		7	1
78	2023-02-02 10:08:34.679622-08	1	Welcome To	2	[{"changed": {"fields": ["Banner"]}}]	7	1
79	2023-02-02 10:47:27.994946-08	7	bis-extended	2	[]	11	1
80	2023-02-02 11:39:05.265511-08	3	Gizmos	2	[{"changed": {"fields": ["Banner"]}}]	7	1
81	2023-02-02 11:39:27.343883-08	3	Gizmos	2	[]	7	1
82	2023-02-02 11:42:35.056075-08	3	Gizmos	2	[{"changed": {"fields": ["Banner"]}}]	7	1
83	2023-02-02 11:55:45.757292-08	1	Welcome To	2	[{"changed": {"fields": ["Banner"]}}]	7	1
84	2023-02-02 19:46:05.781153-08	4	Keep The Heroes Out!	1	[{"added": {}}]	7	1
85	2023-02-02 19:46:39.699837-08	4	Keep The Heroes Out!	2	[]	7	1
86	2023-02-02 20:00:11.787249-08	4	Keep The Heroes Out!	2	[{"added": {"name": "section", "object": "Icon Legend - Keep The Heroes Out!"}}]	7	1
87	2023-02-02 20:13:06.300093-08	5	Icon Legend - Keep The Heroes Out!	2	[{"added": {"name": "content", "object": "Draw"}}]	9	1
88	2023-02-03 11:57:48.071552-08	5	Space Base	2	[{"changed": {"fields": ["DisplayName", "Name", "Image", "Players", "PlayingTime", "Banner"]}}]	7	1
89	2023-02-03 12:02:51.11953-08	5	Space Base	2	[{"added": {"name": "section", "object": "Icon Legend - Space Base"}}]	7	1
90	2023-02-03 12:03:08.636925-08	5	Space Base	2	[{"added": {"name": "section", "object": "Turn Order - Space Base"}}]	7	1
91	2023-02-03 12:06:33.594004-08	5	Icon Legend - Keep The Heroes Out!	2	[{"added": {"name": "content", "object": "Melee Attack"}}]	9	1
92	2023-02-03 12:07:28.602879-08	5	Icon Legend - Keep The Heroes Out!	2	[{"added": {"name": "content", "object": "Ranged Attack"}}]	9	1
93	2023-02-03 12:09:16.164735-08	5	Icon Legend - Keep The Heroes Out!	2	[{"added": {"name": "content", "object": "Move"}}, {"changed": {"name": "content", "object": "Melee Attack", "fields": ["Order"]}}, {"changed": {"name": "content", "object": "Ranged Attack", "fields": ["Order"]}}]	9	1
94	2023-02-03 12:10:17.036765-08	5	Icon Legend - Keep The Heroes Out!	2	[{"added": {"name": "content", "object": "Frog"}}]	9	1
95	2023-02-03 12:23:03.04332-08	19	--File	2	[]	10	1
96	2023-02-03 12:27:52.340918-08	5	Icon Legend - Keep The Heroes Out!	2	[{"added": {"name": "content", "object": "Coin"}}, {"changed": {"name": "content", "object": "Draw", "fields": ["Text"]}}, {"changed": {"name": "content", "object": "Move", "fields": ["Text"]}}, {"changed": {"name": "content", "object": "Melee Attack", "fields": ["Text"]}}, {"changed": {"name": "content", "object": "Ranged Attack", "fields": ["Text"]}}, {"changed": {"name": "content", "object": "Frog", "fields": ["Text"]}}]	9	1
97	2023-02-03 12:28:56.327823-08	5	Icon Legend - Keep The Heroes Out!	2	[{"added": {"name": "content", "object": "Bone"}}, {"added": {"name": "content", "object": "Book"}}]	9	1
98	2023-02-03 12:29:45.368667-08	5	Icon Legend - Keep The Heroes Out!	2	[{"added": {"name": "content", "object": "Defend"}}]	9	1
99	2023-02-03 12:32:02.558821-08	5	Icon Legend - Keep The Heroes Out!	2	[{"added": {"name": "content", "object": "Trap"}}]	9	1
100	2023-02-03 12:33:59.447038-08	5	Icon Legend - Keep The Heroes Out!	2	[{"added": {"name": "content", "object": "Portal"}}]	9	1
101	2023-02-03 12:34:49.645653-08	5	Icon Legend - Keep The Heroes Out!	2	[{"added": {"name": "content", "object": "Ambush"}}]	9	1
\.


--
-- Data for Name: django_content_type; Type: TABLE DATA; Schema: public; Owner: maripi
--

COPY public.django_content_type (id, app_label, model) FROM stdin;
1	admin	logentry
2	auth	permission
3	auth	group
4	auth	user
5	contenttypes	contenttype
6	sessions	session
7	geeks	game
8	geeks	image
9	geeks	section
10	geeks	content
11	geeks	extendedcontent
\.


--
-- Data for Name: django_migrations; Type: TABLE DATA; Schema: public; Owner: maripi
--

COPY public.django_migrations (id, app, name, applied) FROM stdin;
1	contenttypes	0001_initial	2023-02-01 09:45:12.778882-08
2	auth	0001_initial	2023-02-01 09:45:12.806419-08
3	admin	0001_initial	2023-02-01 09:45:12.811332-08
4	admin	0002_logentry_remove_auto_add	2023-02-01 09:45:12.813635-08
5	admin	0003_logentry_add_action_flag_choices	2023-02-01 09:45:12.815745-08
6	contenttypes	0002_remove_content_type_name	2023-02-01 09:45:12.820875-08
7	auth	0002_alter_permission_name_max_length	2023-02-01 09:45:12.823163-08
8	auth	0003_alter_user_email_max_length	2023-02-01 09:45:12.826089-08
9	auth	0004_alter_user_username_opts	2023-02-01 09:45:12.827951-08
10	auth	0005_alter_user_last_login_null	2023-02-01 09:45:12.830349-08
11	auth	0006_require_contenttypes_0002	2023-02-01 09:45:12.831156-08
12	auth	0007_alter_validators_add_error_messages	2023-02-01 09:45:12.833813-08
13	auth	0008_alter_user_username_max_length	2023-02-01 09:45:12.839644-08
14	auth	0009_alter_user_last_name_max_length	2023-02-01 09:45:12.842242-08
15	auth	0010_alter_group_name_max_length	2023-02-01 09:45:12.845438-08
16	auth	0011_update_proxy_permissions	2023-02-01 09:45:12.84772-08
17	auth	0012_alter_user_first_name_max_length	2023-02-01 09:45:12.850763-08
18	geeks	0001_initial	2023-02-01 09:45:12.873919-08
19	sessions	0001_initial	2023-02-01 09:45:12.876116-08
20	geeks	0002_extendedcontent	2023-02-01 10:10:20.918516-08
21	geeks	0003_content_type_alter_content_image_and_more	2023-02-01 10:28:59.223664-08
22	geeks	0004_alter_content_options_remove_content_order_and_more	2023-02-01 11:22:36.326992-08
23	geeks	0005_alter_content_options_content_order	2023-02-01 11:23:07.642601-08
24	geeks	0006_alter_section_type	2023-02-01 11:27:13.709737-08
25	geeks	0007_content_direction_extendedcontent_direction	2023-02-01 16:09:30.443583-08
26	geeks	0008_alter_section_hashid	2023-02-02 10:05:11.536628-08
27	geeks	0009_game_banner	2023-02-02 10:06:03.449152-08
28	geeks	0010_remove_extendedcontent_name	2023-02-02 16:35:37.344507-08
29	geeks	0011_alter_game_image	2023-02-03 11:56:05.910142-08
30	geeks	0012_alter_content_direction_and_more	2023-02-03 12:08:13.540519-08
31	geeks	0013_alter_content_text_alter_extendedcontent_text	2023-02-03 12:20:34.108034-08
\.


--
-- Data for Name: django_session; Type: TABLE DATA; Schema: public; Owner: maripi
--

COPY public.django_session (session_key, session_data, expire_date) FROM stdin;
uq5xrdzqhyk0tabigj16bx27kowet4i8	.eJxVjDsOwjAQBe_iGlmJvf6Ekp4zWLteLw6gWMqnQtwdIqWA9s3Me6mE21rTtpQ5jazOqlen340wP8q0A77jdGs6t2mdR9K7og-66Gvj8rwc7t9BxaV-ay9iorMeenGZaLA-OsoDdMQYBTqBYEIAAk8MLvbAIp0p6MRmgIDq_QHdTzfe:1pNHEw:UOJTxk3gjQYsTih8uM_5FdCtoAVv9BUtWimoC7GXKas	2023-02-15 09:49:46.077953-08
\.


--
-- Data for Name: geeks_content; Type: TABLE DATA; Schema: public; Owner: maripi
--

COPY public.geeks_content (id, text, name, image, section_id, type, "order", direction) FROM stdin;
17	Perform a File Action / When Performing a File Action	File Action	images/filing-icon.png	3	legend	5	flex-row
22	Draw cards from a deck equal to your Research value. Build or Archive one if you want.	--Research	images/Screen_Shot_2023-02-02_at_8.41.50_AM.png	4	legend	5	flex-row
2	Choose a Real Estate column and cross-off the lowest number available	Real Estate	images/real-estate-icon_2ZUOnOC.png	1	legend	2	flex-row
3	Reveal the top card of each stack	step1-wt		2	description	1	flex-row
4	Choose one of the combinations and write the number on on of the three streets on your sheet	step2-wt		2	description	2	flex-row
5	If unable to place the chosen number. Mark a building permit refusal	step3-wt		2	description	3	flex-row
6	(Optional) Perform the effect on the chosen combination only if succeded to place the number	step4-wt		2	description	4	flex-row
7	Check for endgame conditions	step5-wt		2	description	5	flex-row
9	If the chosen house has a planned pool, cross off the lowest number space in the pools column	Pool Manufacturer	images/pool-icon.png	1	legend	3	flex-row
1	Mark the lowest value park on the street you placed the house	Landscaper	images/landscaper-icon_feuvrGe.png	1	legend	2	flex-row
10	Add or substract up to 2 from the number of the house to build	Temp Agency	images/temp-icon.png	1	legend	4	flex-row
33	Place an activated Portal in the same Dungeon Room as one of your Monsters.	Portal	images/portal.png	5	legend	11	flex-row
11	Duplicate a house by writing it's number and 'bis' on an adjacent empty house.  Cross off the lowest number from the 'bis' column	Bis	images/bis-icon.png	1	legend	6	flex-col
8	Draw a fence(line) between two houses that don't have one.	Surveyor	images/surveyor-icon.png	1	legend	1	flex-row
13	Amount of Gizmos your Archive can hold	File Limit	images/file-icon.png	3	legend	2	flex-row
12	Amount of energy your storage ring can hold	Storage Limit	images/storage-icon.png	3	legend	1	flex-row
14	Amount of cards you draw from a Research action	Research Limit	images/research-icon.png	3	legend	3	flex-row
15	Draw a random Energy from the dispenser	Blind Draw	images/random-draw-icon.png	3	legend	4	flex-row
18	Perform one of the four main actions:	action choose		4	description	1	flex-row
34	Summon a number of Monsters in rooms matching the depicted type	Ambush	images/ambush.png	5	legend	12	flex-row
21	Choose an energy from the 6 available in the Energy Row	--Pick	images/Screen_Shot_2023-02-02_at_8.41.14_AM.png	4	legend	3	flex-row
16	Perform a Pick Action / When performing a pick action	Pick Action	images/pick-icon.png	3	legend	4	flex-row
20	Build a Gizmo from the Display or your Archive by paying it's energy cost	--Build	images/Screen_Shot_2023-02-02_at_8.41.37_AM.png	4	legend	3	flex-row
19	Choose 1 face up Gizmo card from the Display and add it to your Archive	--File	images/Screen_Shot_2023-02-02_at_8.41.03_AM.png	4	legend	1	flex-row
23	Draw a card from yout deck and put it in your hand.	Draw	images/draw.png	5	legend	1	flex-row
26	Move one of your Monsters to an adjacent Dungeon Room through passageways, or Portals.	Move	images/move.png	5	legend	2	flex-row
24	Deal 1 damage to a Hero in the same Dungeon Room as one og your Monsters.	Melee Attack	images/attack.png	5	legend	3	flex-row
25	Deal 1 damage to a Hero in an adjacent Dungeon Room to one of your Monsters.	Ranged Attack	images/ranged.png	5	legend	4	flex-row
27	Place a Frog in the same Dungeon Room as one of your Monsters.	Frog	images/frog.png	5	legend	5	flex-row
28	Place a Coin in the same Dungeon Room as one of your Monsters.	Coin	images/coin.png	5	legend	6	flex-row
29	Place a Bone in the same Dungeon Room as one of your Monsters.	Bone	images/bones.png	5	legend	7	flex-row
30	Place a Bone in the same Dungeon Room as one of your Monsters.	Book	images/book.png	5	legend	8	flex-row
31	Use this acction to lower the received damage by 1.	Defend	images/defend.png	5	legend	9	flex-row
32	Place a Trap token in the same Dungeon Room as one of your Monsters.	Trap	images/trap.png	5	legend	10	flex-row
\.


--
-- Data for Name: geeks_extendedcontent; Type: TABLE DATA; Schema: public; Owner: maripi
--

COPY public.geeks_extendedcontent (id, text, content_id, image, "order", type, direction) FROM stdin;
3	At the beginning of each turn, flip over the top card of each construction stack and place it to the right with its effect displayed. These stacks create three combinations, comprised of a House Number and an Effect. These combinations are used to perform actions.	3	images/step1-example.png	1	example	flex-row
2	Promotes and increases the value of completed housing estates. To use the Real Estate Agent, choose a Real Estate column and cross off the top-most, lowestnumbered space. At the end of the game, each completed estate (size 2, 3, 4, etc...) scores as many points as the smallest, unchecked number from its corresponding column.	2	images/real-estate-extended_MIKYScM.png	1	example	flex-col
1	Allows the player to build a park. The player crosses off one of the trees at the end of the street. Parks must be crossed off on the same street that the house number is written. Parks are crossed off, leftto-right in ascending order.	1	images/landscaper-extended_onqGVHb.png	1	example	flex-col
4	Allows the player to build a fence between two houses on the same street. To build a fence, choose any available, white-dotted space and draw a line on it. Permanent fences are present on both sides of each street. Fences determine the boundaries of housing estates. A completed housing estate is a row of 1 to 6 neighboring houses, all numbered (no blank spaces between them) and built between two fences. Completed housing estates are necessary to fulfill City Plans and may be split further, as long as they have not previously fulfilled a City Plan, p.20).	8	images/surveyor-example.png	1	example	flex-col
5	Allows a player to score points when building houses that have a planned pool. If a player writes the house number associated with the Pool Manufacturer effect in a house with a planned pool, then the pool is built. Cross off the top-most, lowest-numbered space in their pools column.	9	images/pool-example.png	1	example	flex-col
6	Allows the player to add or subtract 1 or 2 to the house number they are building. The Temp Agency allows the player to write numbers from 0 to 17. For each use of the Temp Agency, cross off one box from the Temp Agency column. At the end of the game, the player who crossed off the most Temp Agency boxes scores 7 points. The next highest scores 4 points, and the third highest scores 1 point. In case of a tie, players score the same amount of points.	10	images/temp-example.png	1	example	flex-col
7	Allows the player to duplicate a house number on any street. The new house must be directly adjacent, to the left or right of the house with the same number. Duplicate houses can never be separated by fences. When duplicating a number, write "bis" next to the number in the new house. A house can be duplicated multiple times, and the duplicated number does not have to be associated with the number/effect combination. Cross off the top-most, lowest-numbered space in the "bis" column. At the end of the game, subtract the smallest, unchecked number from the final score.	11	images/bis-example_DqwhiVL.png	1	example	flex-row
\.


--
-- Data for Name: geeks_game; Type: TABLE DATA; Schema: public; Owner: maripi
--

COPY public.geeks_game (id, "displayName", name, players, "playingTime", bgg, year, image, banner) FROM stdin;
3	Gizmos	gizmos	2-4	40-50 Min	https://boardgamegeek.com/boardgame/246192/gizmos	2018	images/gizmos-cover.webp	images/gizmos-banner_copy.jpeg
1	Welcome To	welcome_to	1-100	25 Min	https://boardgamegeek.com/boardgame/233867/welcome	2018	images/cover_Hay7J2W.webp	images/banner.jpeg
4	Keep The Heroes Out!	keep_the_heroes_out	1-4	40-50 Min	https://boardgamegeek.com/boardgame/333255/keep-heroes-out	2022	images/keep-cover.webp	images/keep-banner.png
5	Space Base	space_base	2-5	60 Min	https://boardgamegeek.com/boardgame/242302/space-base	2018	images/space-base-cover.webp	images/space-base-banner.png
\.


--
-- Data for Name: geeks_section; Type: TABLE DATA; Schema: public; Owner: maripi
--

COPY public.geeks_section (id, type, hashid, game_id) FROM stdin;
1	Icon Legend	legend	1
3	Icon Legend	legend	3
2	Round Order	round	1
4	Turn Order	turn	3
6	Icon Legend	legend	5
7	Turn Order	turn	5
5	Icon Legend	legend	4
\.


--
-- Name: auth_group_id_seq; Type: SEQUENCE SET; Schema: public; Owner: maripi
--

SELECT pg_catalog.setval('public.auth_group_id_seq', 1, false);


--
-- Name: auth_group_permissions_id_seq; Type: SEQUENCE SET; Schema: public; Owner: maripi
--

SELECT pg_catalog.setval('public.auth_group_permissions_id_seq', 1, false);


--
-- Name: auth_permission_id_seq; Type: SEQUENCE SET; Schema: public; Owner: maripi
--

SELECT pg_catalog.setval('public.auth_permission_id_seq', 44, true);


--
-- Name: auth_user_groups_id_seq; Type: SEQUENCE SET; Schema: public; Owner: maripi
--

SELECT pg_catalog.setval('public.auth_user_groups_id_seq', 1, false);


--
-- Name: auth_user_id_seq; Type: SEQUENCE SET; Schema: public; Owner: maripi
--

SELECT pg_catalog.setval('public.auth_user_id_seq', 1, true);


--
-- Name: auth_user_user_permissions_id_seq; Type: SEQUENCE SET; Schema: public; Owner: maripi
--

SELECT pg_catalog.setval('public.auth_user_user_permissions_id_seq', 1, false);


--
-- Name: django_admin_log_id_seq; Type: SEQUENCE SET; Schema: public; Owner: maripi
--

SELECT pg_catalog.setval('public.django_admin_log_id_seq', 101, true);


--
-- Name: django_content_type_id_seq; Type: SEQUENCE SET; Schema: public; Owner: maripi
--

SELECT pg_catalog.setval('public.django_content_type_id_seq', 11, true);


--
-- Name: django_migrations_id_seq; Type: SEQUENCE SET; Schema: public; Owner: maripi
--

SELECT pg_catalog.setval('public.django_migrations_id_seq', 31, true);


--
-- Name: geeks_content_id_seq; Type: SEQUENCE SET; Schema: public; Owner: maripi
--

SELECT pg_catalog.setval('public.geeks_content_id_seq', 34, true);


--
-- Name: geeks_extendedcontent_id_seq; Type: SEQUENCE SET; Schema: public; Owner: maripi
--

SELECT pg_catalog.setval('public.geeks_extendedcontent_id_seq', 7, true);


--
-- Name: geeks_game_id_seq; Type: SEQUENCE SET; Schema: public; Owner: maripi
--

SELECT pg_catalog.setval('public.geeks_game_id_seq', 5, true);


--
-- Name: geeks_section_id_seq; Type: SEQUENCE SET; Schema: public; Owner: maripi
--

SELECT pg_catalog.setval('public.geeks_section_id_seq', 7, true);


--
-- Name: auth_group auth_group_name_key; Type: CONSTRAINT; Schema: public; Owner: maripi
--

ALTER TABLE ONLY public.auth_group
    ADD CONSTRAINT auth_group_name_key UNIQUE (name);


--
-- Name: auth_group_permissions auth_group_permissions_group_id_permission_id_0cd325b0_uniq; Type: CONSTRAINT; Schema: public; Owner: maripi
--

ALTER TABLE ONLY public.auth_group_permissions
    ADD CONSTRAINT auth_group_permissions_group_id_permission_id_0cd325b0_uniq UNIQUE (group_id, permission_id);


--
-- Name: auth_group_permissions auth_group_permissions_pkey; Type: CONSTRAINT; Schema: public; Owner: maripi
--

ALTER TABLE ONLY public.auth_group_permissions
    ADD CONSTRAINT auth_group_permissions_pkey PRIMARY KEY (id);


--
-- Name: auth_group auth_group_pkey; Type: CONSTRAINT; Schema: public; Owner: maripi
--

ALTER TABLE ONLY public.auth_group
    ADD CONSTRAINT auth_group_pkey PRIMARY KEY (id);


--
-- Name: auth_permission auth_permission_content_type_id_codename_01ab375a_uniq; Type: CONSTRAINT; Schema: public; Owner: maripi
--

ALTER TABLE ONLY public.auth_permission
    ADD CONSTRAINT auth_permission_content_type_id_codename_01ab375a_uniq UNIQUE (content_type_id, codename);


--
-- Name: auth_permission auth_permission_pkey; Type: CONSTRAINT; Schema: public; Owner: maripi
--

ALTER TABLE ONLY public.auth_permission
    ADD CONSTRAINT auth_permission_pkey PRIMARY KEY (id);


--
-- Name: auth_user_groups auth_user_groups_pkey; Type: CONSTRAINT; Schema: public; Owner: maripi
--

ALTER TABLE ONLY public.auth_user_groups
    ADD CONSTRAINT auth_user_groups_pkey PRIMARY KEY (id);


--
-- Name: auth_user_groups auth_user_groups_user_id_group_id_94350c0c_uniq; Type: CONSTRAINT; Schema: public; Owner: maripi
--

ALTER TABLE ONLY public.auth_user_groups
    ADD CONSTRAINT auth_user_groups_user_id_group_id_94350c0c_uniq UNIQUE (user_id, group_id);


--
-- Name: auth_user auth_user_pkey; Type: CONSTRAINT; Schema: public; Owner: maripi
--

ALTER TABLE ONLY public.auth_user
    ADD CONSTRAINT auth_user_pkey PRIMARY KEY (id);


--
-- Name: auth_user_user_permissions auth_user_user_permissions_pkey; Type: CONSTRAINT; Schema: public; Owner: maripi
--

ALTER TABLE ONLY public.auth_user_user_permissions
    ADD CONSTRAINT auth_user_user_permissions_pkey PRIMARY KEY (id);


--
-- Name: auth_user_user_permissions auth_user_user_permissions_user_id_permission_id_14a6b632_uniq; Type: CONSTRAINT; Schema: public; Owner: maripi
--

ALTER TABLE ONLY public.auth_user_user_permissions
    ADD CONSTRAINT auth_user_user_permissions_user_id_permission_id_14a6b632_uniq UNIQUE (user_id, permission_id);


--
-- Name: auth_user auth_user_username_key; Type: CONSTRAINT; Schema: public; Owner: maripi
--

ALTER TABLE ONLY public.auth_user
    ADD CONSTRAINT auth_user_username_key UNIQUE (username);


--
-- Name: django_admin_log django_admin_log_pkey; Type: CONSTRAINT; Schema: public; Owner: maripi
--

ALTER TABLE ONLY public.django_admin_log
    ADD CONSTRAINT django_admin_log_pkey PRIMARY KEY (id);


--
-- Name: django_content_type django_content_type_app_label_model_76bd3d3b_uniq; Type: CONSTRAINT; Schema: public; Owner: maripi
--

ALTER TABLE ONLY public.django_content_type
    ADD CONSTRAINT django_content_type_app_label_model_76bd3d3b_uniq UNIQUE (app_label, model);


--
-- Name: django_content_type django_content_type_pkey; Type: CONSTRAINT; Schema: public; Owner: maripi
--

ALTER TABLE ONLY public.django_content_type
    ADD CONSTRAINT django_content_type_pkey PRIMARY KEY (id);


--
-- Name: django_migrations django_migrations_pkey; Type: CONSTRAINT; Schema: public; Owner: maripi
--

ALTER TABLE ONLY public.django_migrations
    ADD CONSTRAINT django_migrations_pkey PRIMARY KEY (id);


--
-- Name: django_session django_session_pkey; Type: CONSTRAINT; Schema: public; Owner: maripi
--

ALTER TABLE ONLY public.django_session
    ADD CONSTRAINT django_session_pkey PRIMARY KEY (session_key);


--
-- Name: geeks_content geeks_content_pkey; Type: CONSTRAINT; Schema: public; Owner: maripi
--

ALTER TABLE ONLY public.geeks_content
    ADD CONSTRAINT geeks_content_pkey PRIMARY KEY (id);


--
-- Name: geeks_extendedcontent geeks_extendedcontent_pkey; Type: CONSTRAINT; Schema: public; Owner: maripi
--

ALTER TABLE ONLY public.geeks_extendedcontent
    ADD CONSTRAINT geeks_extendedcontent_pkey PRIMARY KEY (id);


--
-- Name: geeks_game geeks_game_name_key; Type: CONSTRAINT; Schema: public; Owner: maripi
--

ALTER TABLE ONLY public.geeks_game
    ADD CONSTRAINT geeks_game_name_key UNIQUE (name);


--
-- Name: geeks_game geeks_game_pkey; Type: CONSTRAINT; Schema: public; Owner: maripi
--

ALTER TABLE ONLY public.geeks_game
    ADD CONSTRAINT geeks_game_pkey PRIMARY KEY (id);


--
-- Name: geeks_section geeks_section_pkey; Type: CONSTRAINT; Schema: public; Owner: maripi
--

ALTER TABLE ONLY public.geeks_section
    ADD CONSTRAINT geeks_section_pkey PRIMARY KEY (id);


--
-- Name: auth_group_name_a6ea08ec_like; Type: INDEX; Schema: public; Owner: maripi
--

CREATE INDEX auth_group_name_a6ea08ec_like ON public.auth_group USING btree (name varchar_pattern_ops);


--
-- Name: auth_group_permissions_group_id_b120cbf9; Type: INDEX; Schema: public; Owner: maripi
--

CREATE INDEX auth_group_permissions_group_id_b120cbf9 ON public.auth_group_permissions USING btree (group_id);


--
-- Name: auth_group_permissions_permission_id_84c5c92e; Type: INDEX; Schema: public; Owner: maripi
--

CREATE INDEX auth_group_permissions_permission_id_84c5c92e ON public.auth_group_permissions USING btree (permission_id);


--
-- Name: auth_permission_content_type_id_2f476e4b; Type: INDEX; Schema: public; Owner: maripi
--

CREATE INDEX auth_permission_content_type_id_2f476e4b ON public.auth_permission USING btree (content_type_id);


--
-- Name: auth_user_groups_group_id_97559544; Type: INDEX; Schema: public; Owner: maripi
--

CREATE INDEX auth_user_groups_group_id_97559544 ON public.auth_user_groups USING btree (group_id);


--
-- Name: auth_user_groups_user_id_6a12ed8b; Type: INDEX; Schema: public; Owner: maripi
--

CREATE INDEX auth_user_groups_user_id_6a12ed8b ON public.auth_user_groups USING btree (user_id);


--
-- Name: auth_user_user_permissions_permission_id_1fbb5f2c; Type: INDEX; Schema: public; Owner: maripi
--

CREATE INDEX auth_user_user_permissions_permission_id_1fbb5f2c ON public.auth_user_user_permissions USING btree (permission_id);


--
-- Name: auth_user_user_permissions_user_id_a95ead1b; Type: INDEX; Schema: public; Owner: maripi
--

CREATE INDEX auth_user_user_permissions_user_id_a95ead1b ON public.auth_user_user_permissions USING btree (user_id);


--
-- Name: auth_user_username_6821ab7c_like; Type: INDEX; Schema: public; Owner: maripi
--

CREATE INDEX auth_user_username_6821ab7c_like ON public.auth_user USING btree (username varchar_pattern_ops);


--
-- Name: django_admin_log_content_type_id_c4bce8eb; Type: INDEX; Schema: public; Owner: maripi
--

CREATE INDEX django_admin_log_content_type_id_c4bce8eb ON public.django_admin_log USING btree (content_type_id);


--
-- Name: django_admin_log_user_id_c564eba6; Type: INDEX; Schema: public; Owner: maripi
--

CREATE INDEX django_admin_log_user_id_c564eba6 ON public.django_admin_log USING btree (user_id);


--
-- Name: django_session_expire_date_a5c62663; Type: INDEX; Schema: public; Owner: maripi
--

CREATE INDEX django_session_expire_date_a5c62663 ON public.django_session USING btree (expire_date);


--
-- Name: django_session_session_key_c0390e0f_like; Type: INDEX; Schema: public; Owner: maripi
--

CREATE INDEX django_session_session_key_c0390e0f_like ON public.django_session USING btree (session_key varchar_pattern_ops);


--
-- Name: geeks_content_section_id_6b2b09d4; Type: INDEX; Schema: public; Owner: maripi
--

CREATE INDEX geeks_content_section_id_6b2b09d4 ON public.geeks_content USING btree (section_id);


--
-- Name: geeks_extendedcontent_content_id_42839b85; Type: INDEX; Schema: public; Owner: maripi
--

CREATE INDEX geeks_extendedcontent_content_id_42839b85 ON public.geeks_extendedcontent USING btree (content_id);


--
-- Name: geeks_game_name_4aa93210_like; Type: INDEX; Schema: public; Owner: maripi
--

CREATE INDEX geeks_game_name_4aa93210_like ON public.geeks_game USING btree (name varchar_pattern_ops);


--
-- Name: geeks_section_game_id_10f63151; Type: INDEX; Schema: public; Owner: maripi
--

CREATE INDEX geeks_section_game_id_10f63151 ON public.geeks_section USING btree (game_id);


--
-- Name: auth_group_permissions auth_group_permissio_permission_id_84c5c92e_fk_auth_perm; Type: FK CONSTRAINT; Schema: public; Owner: maripi
--

ALTER TABLE ONLY public.auth_group_permissions
    ADD CONSTRAINT auth_group_permissio_permission_id_84c5c92e_fk_auth_perm FOREIGN KEY (permission_id) REFERENCES public.auth_permission(id) DEFERRABLE INITIALLY DEFERRED;


--
-- Name: auth_group_permissions auth_group_permissions_group_id_b120cbf9_fk_auth_group_id; Type: FK CONSTRAINT; Schema: public; Owner: maripi
--

ALTER TABLE ONLY public.auth_group_permissions
    ADD CONSTRAINT auth_group_permissions_group_id_b120cbf9_fk_auth_group_id FOREIGN KEY (group_id) REFERENCES public.auth_group(id) DEFERRABLE INITIALLY DEFERRED;


--
-- Name: auth_permission auth_permission_content_type_id_2f476e4b_fk_django_co; Type: FK CONSTRAINT; Schema: public; Owner: maripi
--

ALTER TABLE ONLY public.auth_permission
    ADD CONSTRAINT auth_permission_content_type_id_2f476e4b_fk_django_co FOREIGN KEY (content_type_id) REFERENCES public.django_content_type(id) DEFERRABLE INITIALLY DEFERRED;


--
-- Name: auth_user_groups auth_user_groups_group_id_97559544_fk_auth_group_id; Type: FK CONSTRAINT; Schema: public; Owner: maripi
--

ALTER TABLE ONLY public.auth_user_groups
    ADD CONSTRAINT auth_user_groups_group_id_97559544_fk_auth_group_id FOREIGN KEY (group_id) REFERENCES public.auth_group(id) DEFERRABLE INITIALLY DEFERRED;


--
-- Name: auth_user_groups auth_user_groups_user_id_6a12ed8b_fk_auth_user_id; Type: FK CONSTRAINT; Schema: public; Owner: maripi
--

ALTER TABLE ONLY public.auth_user_groups
    ADD CONSTRAINT auth_user_groups_user_id_6a12ed8b_fk_auth_user_id FOREIGN KEY (user_id) REFERENCES public.auth_user(id) DEFERRABLE INITIALLY DEFERRED;


--
-- Name: auth_user_user_permissions auth_user_user_permi_permission_id_1fbb5f2c_fk_auth_perm; Type: FK CONSTRAINT; Schema: public; Owner: maripi
--

ALTER TABLE ONLY public.auth_user_user_permissions
    ADD CONSTRAINT auth_user_user_permi_permission_id_1fbb5f2c_fk_auth_perm FOREIGN KEY (permission_id) REFERENCES public.auth_permission(id) DEFERRABLE INITIALLY DEFERRED;


--
-- Name: auth_user_user_permissions auth_user_user_permissions_user_id_a95ead1b_fk_auth_user_id; Type: FK CONSTRAINT; Schema: public; Owner: maripi
--

ALTER TABLE ONLY public.auth_user_user_permissions
    ADD CONSTRAINT auth_user_user_permissions_user_id_a95ead1b_fk_auth_user_id FOREIGN KEY (user_id) REFERENCES public.auth_user(id) DEFERRABLE INITIALLY DEFERRED;


--
-- Name: django_admin_log django_admin_log_content_type_id_c4bce8eb_fk_django_co; Type: FK CONSTRAINT; Schema: public; Owner: maripi
--

ALTER TABLE ONLY public.django_admin_log
    ADD CONSTRAINT django_admin_log_content_type_id_c4bce8eb_fk_django_co FOREIGN KEY (content_type_id) REFERENCES public.django_content_type(id) DEFERRABLE INITIALLY DEFERRED;


--
-- Name: django_admin_log django_admin_log_user_id_c564eba6_fk_auth_user_id; Type: FK CONSTRAINT; Schema: public; Owner: maripi
--

ALTER TABLE ONLY public.django_admin_log
    ADD CONSTRAINT django_admin_log_user_id_c564eba6_fk_auth_user_id FOREIGN KEY (user_id) REFERENCES public.auth_user(id) DEFERRABLE INITIALLY DEFERRED;


--
-- Name: geeks_content geeks_content_section_id_6b2b09d4_fk_geeks_section_id; Type: FK CONSTRAINT; Schema: public; Owner: maripi
--

ALTER TABLE ONLY public.geeks_content
    ADD CONSTRAINT geeks_content_section_id_6b2b09d4_fk_geeks_section_id FOREIGN KEY (section_id) REFERENCES public.geeks_section(id) DEFERRABLE INITIALLY DEFERRED;


--
-- Name: geeks_extendedcontent geeks_extendedcontent_content_id_42839b85_fk_geeks_content_id; Type: FK CONSTRAINT; Schema: public; Owner: maripi
--

ALTER TABLE ONLY public.geeks_extendedcontent
    ADD CONSTRAINT geeks_extendedcontent_content_id_42839b85_fk_geeks_content_id FOREIGN KEY (content_id) REFERENCES public.geeks_content(id) DEFERRABLE INITIALLY DEFERRED;


--
-- Name: geeks_section geeks_section_game_id_10f63151_fk_geeks_game_id; Type: FK CONSTRAINT; Schema: public; Owner: maripi
--

ALTER TABLE ONLY public.geeks_section
    ADD CONSTRAINT geeks_section_game_id_10f63151_fk_geeks_game_id FOREIGN KEY (game_id) REFERENCES public.geeks_game(id) DEFERRABLE INITIALLY DEFERRED;


--
-- PostgreSQL database dump complete
--

